ID,UT,year,month,day,time,raingauges_id,name,ward_id,region,data
222,1512226500,2017,12,2,14:55:00,32,UMLAZI,80,Southern,0.6
223,1512226800,2017,12,2,15:00:00,32,UMLAZI,80,Southern,1.0
224,1512227100,2017,12,2,15:05:00,32,UMLAZI,80,Southern,0.2
225,1512227400,2017,12,2,15:10:00,32,UMLAZI,80,Southern,0.2
226,1512252000,2017,12,2,22:00:00,32,UMLAZI,80,Southern,0.0
227,1512324900,2017,12,3,18:15:00,32,UMLAZI,80,Southern,0.2
228,1512325800,2017,12,3,18:30:00,32,UMLAZI,80,Southern,0.2
229,1512326100,2017,12,3,18:35:00,32,UMLAZI,80,Southern,0.2
230,1512338400,2017,12,3,22:00:00,32,UMLAZI,80,Southern,0.0
384,1512399900,2017,12,4,15:05:00,32,UMLAZI,80,Southern,0.2
385,1512400200,2017,12,4,15:10:00,32,UMLAZI,80,Southern,0.6
386,1512400500,2017,12,4,15:15:00,32,UMLAZI,80,Southern,0.2
387,1512400800,2017,12,4,15:20:00,32,UMLAZI,80,Southern,0.2
614,1512404700,2017,12,4,16:25:00,32,UMLAZI,80,Southern,0.2
615,1512405000,2017,12,4,16:30:00,32,UMLAZI,80,Southern,0.2
616,1512406800,2017,12,4,17:00:00,32,UMLAZI,80,Southern,0.4
897,1512408300,2017,12,4,17:25:00,32,UMLAZI,80,Southern,0.2
898,1512408600,2017,12,4,17:30:00,32,UMLAZI,80,Southern,0.2
899,1512409800,2017,12,4,17:50:00,32,UMLAZI,80,Southern,0.2
1317,1512414300,2017,12,4,19:05:00,32,UMLAZI,80,Southern,0.2
1318,1512414600,2017,12,4,19:10:00,32,UMLAZI,80,Southern,0.2
1319,1512414900,2017,12,4,19:15:00,32,UMLAZI,80,Southern,0.2
1873,1512415800,2017,12,4,19:30:00,32,UMLAZI,80,Southern,0.2
1874,1512416400,2017,12,4,19:40:00,32,UMLAZI,80,Southern,0.2
1875,1512416700,2017,12,4,19:45:00,32,UMLAZI,80,Southern,0.2
1876,1512417000,2017,12,4,19:50:00,32,UMLAZI,80,Southern,0.8
1877,1512417300,2017,12,4,19:55:00,32,UMLAZI,80,Southern,0.2
1878,1512417600,2017,12,4,20:00:00,32,UMLAZI,80,Southern,0.2
2538,1512420600,2017,12,4,20:50:00,32,UMLAZI,80,Southern,0.2
2539,1512421800,2017,12,4,21:10:00,32,UMLAZI,80,Southern,0.2
3324,1512422400,2017,12,4,21:20:00,32,UMLAZI,80,Southern,0.2
3325,1512424800,2017,12,4,22:00:00,32,UMLAZI,80,Southern,0.0
3975,1512454500,2017,12,5,06:15:00,32,UMLAZI,80,Southern,0.2
4753,1512475500,2017,12,5,12:05:00,32,UMLAZI,80,Southern,0.2
4946,1512477600,2017,12,5,12:40:00,32,UMLAZI,80,Southern,0.2
5169,1512482400,2017,12,5,14:00:00,32,UMLAZI,80,Southern,0.2
5468,1512486300,2017,12,5,15:05:00,32,UMLAZI,80,Southern,0.2
5469,1512486900,2017,12,5,15:15:00,32,UMLAZI,80,Southern,0.2
5470,1512487500,2017,12,5,15:25:00,32,UMLAZI,80,Southern,0.2
5893,1512488100,2017,12,5,15:35:00,32,UMLAZI,80,Southern,0.2
5894,1512489900,2017,12,5,16:05:00,32,UMLAZI,80,Southern,0.2
5895,1512490200,2017,12,5,16:10:00,32,UMLAZI,80,Southern,0.2
5896,1512490800,2017,12,5,16:20:00,32,UMLAZI,80,Southern,0.2
5897,1512491100,2017,12,5,16:25:00,32,UMLAZI,80,Southern,0.2
6446,1512491400,2017,12,5,16:30:00,32,UMLAZI,80,Southern,0.6
6447,1512491700,2017,12,5,16:35:00,32,UMLAZI,80,Southern,0.2
6448,1512492600,2017,12,5,16:50:00,32,UMLAZI,80,Southern,0.2
6449,1512493500,2017,12,5,17:05:00,32,UMLAZI,80,Southern,0.6
6450,1512493800,2017,12,5,17:10:00,32,UMLAZI,80,Southern,0.8
6451,1512494100,2017,12,5,17:15:00,32,UMLAZI,80,Southern,0.6
6452,1512494400,2017,12,5,17:20:00,32,UMLAZI,80,Southern,0.2
6453,1512494700,2017,12,5,17:25:00,32,UMLAZI,80,Southern,0.2
7208,1512495000,2017,12,5,17:30:00,32,UMLAZI,80,Southern,0.2
7209,1512495300,2017,12,5,17:35:00,32,UMLAZI,80,Southern,1.2
7210,1512495600,2017,12,5,17:40:00,32,UMLAZI,80,Southern,0.2
7211,1512495900,2017,12,5,17:45:00,32,UMLAZI,80,Southern,0.4
7212,1512496200,2017,12,5,17:50:00,32,UMLAZI,80,Southern,0.2
7213,1512496500,2017,12,5,17:55:00,32,UMLAZI,80,Southern,0.4
7214,1512496800,2017,12,5,18:00:00,32,UMLAZI,80,Southern,0.2
7215,1512497100,2017,12,5,18:05:00,32,UMLAZI,80,Southern,0.8
7216,1512497400,2017,12,5,18:10:00,32,UMLAZI,80,Southern,0.2
7217,1512497700,2017,12,5,18:15:00,32,UMLAZI,80,Southern,1.0
7218,1512498000,2017,12,5,18:20:00,32,UMLAZI,80,Southern,1.4
7219,1512498300,2017,12,5,18:25:00,32,UMLAZI,80,Southern,1.0
8290,1512498600,2017,12,5,18:30:00,32,UMLAZI,80,Southern,0.4
8291,1512498900,2017,12,5,18:35:00,32,UMLAZI,80,Southern,0.4
8292,1512499200,2017,12,5,18:40:00,32,UMLAZI,80,Southern,1.0
8293,1512499500,2017,12,5,18:45:00,32,UMLAZI,80,Southern,0.4
8294,1512499800,2017,12,5,18:50:00,32,UMLAZI,80,Southern,0.8
8295,1512500100,2017,12,5,18:55:00,32,UMLAZI,80,Southern,0.6
8296,1512500400,2017,12,5,19:00:00,32,UMLAZI,80,Southern,0.4
8297,1512500700,2017,12,5,19:05:00,32,UMLAZI,80,Southern,0.2
8298,1512501000,2017,12,5,19:10:00,32,UMLAZI,80,Southern,0.2
8299,1512501300,2017,12,5,19:15:00,32,UMLAZI,80,Southern,0.4
8300,1512501600,2017,12,5,19:20:00,32,UMLAZI,80,Southern,0.2
9741,1512502200,2017,12,5,19:30:00,32,UMLAZI,80,Southern,0.2
9742,1512503400,2017,12,5,19:50:00,32,UMLAZI,80,Southern,0.4
9743,1512503700,2017,12,5,19:55:00,32,UMLAZI,80,Southern,0.4
9744,1512504000,2017,12,5,20:00:00,32,UMLAZI,80,Southern,0.2
9745,1512504600,2017,12,5,20:10:00,32,UMLAZI,80,Southern,0.2
11438,1512505800,2017,12,5,20:30:00,32,UMLAZI,80,Southern,0.2
11439,1512506700,2017,12,5,20:45:00,32,UMLAZI,80,Southern,0.2
11440,1512507000,2017,12,5,20:50:00,32,UMLAZI,80,Southern,0.6
11441,1512507300,2017,12,5,20:55:00,32,UMLAZI,80,Southern,0.6
11442,1512507600,2017,12,5,21:00:00,32,UMLAZI,80,Southern,0.2
11443,1512507900,2017,12,5,21:05:00,32,UMLAZI,80,Southern,0.2
11444,1512508200,2017,12,5,21:10:00,32,UMLAZI,80,Southern,0.4
11445,1512508500,2017,12,5,21:15:00,32,UMLAZI,80,Southern,0.4
13365,1512508800,2017,12,5,21:20:00,32,UMLAZI,80,Southern,0.2
13366,1512509100,2017,12,5,21:25:00,32,UMLAZI,80,Southern,0.2
13367,1512509400,2017,12,5,21:30:00,32,UMLAZI,80,Southern,0.4
13368,1512509700,2017,12,5,21:35:00,32,UMLAZI,80,Southern,0.4
13369,1512510000,2017,12,5,21:40:00,32,UMLAZI,80,Southern,0.6
13370,1512510300,2017,12,5,21:45:00,32,UMLAZI,80,Southern,0.8
13371,1512510600,2017,12,5,21:50:00,32,UMLAZI,80,Southern,1.0
13372,1512510900,2017,12,5,21:55:00,32,UMLAZI,80,Southern,0.4
13373,1512511200,2017,12,5,22:00:00,32,UMLAZI,80,Southern,0.2
13374,1512511500,2017,12,5,22:05:00,32,UMLAZI,80,Southern,0.2
13375,1512511800,2017,12,5,22:10:00,32,UMLAZI,80,Southern,0.2
13376,1512512100,2017,12,5,22:15:00,32,UMLAZI,80,Southern,0.2
14477,1512517200,2017,12,5,23:40:00,32,UMLAZI,80,Southern,0.2
14478,1512518700,2017,12,6,00:05:00,32,UMLAZI,80,Southern,0.2
14479,1512519000,2017,12,6,00:10:00,32,UMLAZI,80,Southern,0.2
14480,1512519300,2017,12,6,00:15:00,32,UMLAZI,80,Southern,0.2
14481,1512519600,2017,12,6,00:20:00,32,UMLAZI,80,Southern,0.2
15043,1512520200,2017,12,6,00:30:00,32,UMLAZI,80,Southern,0.2
15044,1512521100,2017,12,6,00:45:00,32,UMLAZI,80,Southern,0.2
15045,1512521700,2017,12,6,00:55:00,32,UMLAZI,80,Southern,0.2
15046,1512522000,2017,12,6,01:00:00,32,UMLAZI,80,Southern,0.4
15047,1512522300,2017,12,6,01:05:00,32,UMLAZI,80,Southern,0.4
15048,1512522600,2017,12,6,01:10:00,32,UMLAZI,80,Southern,0.8
15049,1512522900,2017,12,6,01:15:00,32,UMLAZI,80,Southern,0.6
15908,1512523200,2017,12,6,01:20:00,32,UMLAZI,80,Southern,0.6
15909,1512523500,2017,12,6,01:25:00,32,UMLAZI,80,Southern,0.4
15910,1512523800,2017,12,6,01:30:00,32,UMLAZI,80,Southern,0.4
15911,1512524100,2017,12,6,01:35:00,32,UMLAZI,80,Southern,0.2
15912,1512524700,2017,12,6,01:45:00,32,UMLAZI,80,Southern,0.4
15913,1512525600,2017,12,6,02:00:00,32,UMLAZI,80,Southern,0.2
15914,1512526200,2017,12,6,02:10:00,32,UMLAZI,80,Southern,0.4
15915,1512526500,2017,12,6,02:15:00,32,UMLAZI,80,Southern,1.2
15916,1512526800,2017,12,6,02:20:00,32,UMLAZI,80,Southern,1.0
17108,1512527100,2017,12,6,02:25:00,32,UMLAZI,80,Southern,0.8
17109,1512527400,2017,12,6,02:30:00,32,UMLAZI,80,Southern,0.2
17110,1512527700,2017,12,6,02:35:00,32,UMLAZI,80,Southern,0.2
17111,1512528000,2017,12,6,02:40:00,32,UMLAZI,80,Southern,0.2
17112,1512528300,2017,12,6,02:45:00,32,UMLAZI,80,Southern,0.2
17113,1512528600,2017,12,6,02:50:00,32,UMLAZI,80,Southern,0.6
17114,1512528900,2017,12,6,02:55:00,32,UMLAZI,80,Southern,0.4
17115,1512529200,2017,12,6,03:00:00,32,UMLAZI,80,Southern,0.2
17116,1512529500,2017,12,6,03:05:00,32,UMLAZI,80,Southern,0.2
18572,1512531000,2017,12,6,03:30:00,32,UMLAZI,80,Southern,0.2
18573,1512531300,2017,12,6,03:35:00,32,UMLAZI,80,Southern,0.2
18574,1512531900,2017,12,6,03:45:00,32,UMLAZI,80,Southern,0.2
18575,1512532800,2017,12,6,04:00:00,32,UMLAZI,80,Southern,0.2
18576,1512533100,2017,12,6,04:05:00,32,UMLAZI,80,Southern,0.2
18577,1512533400,2017,12,6,04:10:00,32,UMLAZI,80,Southern,0.4
18578,1512533700,2017,12,6,04:15:00,32,UMLAZI,80,Southern,0.2
18579,1512534000,2017,12,6,04:20:00,32,UMLAZI,80,Southern,0.6
20253,1512534300,2017,12,6,04:25:00,32,UMLAZI,80,Southern,0.2
20254,1512534900,2017,12,6,04:35:00,32,UMLAZI,80,Southern,0.2
20255,1512535500,2017,12,6,04:45:00,32,UMLAZI,80,Southern,0.2
20256,1512535800,2017,12,6,04:50:00,32,UMLAZI,80,Southern,1.2
20257,1512536100,2017,12,6,04:55:00,32,UMLAZI,80,Southern,0.2
20258,1512536400,2017,12,6,05:00:00,32,UMLAZI,80,Southern,0.4
20259,1512536700,2017,12,6,05:05:00,32,UMLAZI,80,Southern,0.2
20260,1512537000,2017,12,6,05:10:00,32,UMLAZI,80,Southern,0.2
22209,1512537300,2017,12,6,05:15:00,32,UMLAZI,80,Southern,0.2
22210,1512537600,2017,12,6,05:20:00,32,UMLAZI,80,Southern,0.4
22211,1512537900,2017,12,6,05:25:00,32,UMLAZI,80,Southern,0.6
22212,1512538200,2017,12,6,05:30:00,32,UMLAZI,80,Southern,0.2
22213,1512538500,2017,12,6,05:35:00,32,UMLAZI,80,Southern,0.4
22214,1512538800,2017,12,6,05:40:00,32,UMLAZI,80,Southern,0.2
22215,1512539100,2017,12,6,05:45:00,32,UMLAZI,80,Southern,0.2
22216,1512539400,2017,12,6,05:50:00,32,UMLAZI,80,Southern,0.4
22217,1512539700,2017,12,6,05:55:00,32,UMLAZI,80,Southern,0.2
22218,1512540000,2017,12,6,06:00:00,32,UMLAZI,80,Southern,0.4
22219,1512540300,2017,12,6,06:05:00,32,UMLAZI,80,Southern,0.2
22220,1512540600,2017,12,6,06:10:00,32,UMLAZI,80,Southern,0.2
22221,1512540900,2017,12,6,06:15:00,32,UMLAZI,80,Southern,0.6
22222,1512541200,2017,12,6,06:20:00,32,UMLAZI,80,Southern,0.2
24382,1512541800,2017,12,6,06:30:00,32,UMLAZI,80,Southern,0.2
24383,1512542100,2017,12,6,06:35:00,32,UMLAZI,80,Southern,0.4
24384,1512542400,2017,12,6,06:40:00,32,UMLAZI,80,Southern,0.2
24385,1512542700,2017,12,6,06:45:00,32,UMLAZI,80,Southern,0.2
26627,1512547500,2017,12,6,08:05:00,32,UMLAZI,80,Southern,0.2
26628,1512547800,2017,12,6,08:10:00,32,UMLAZI,80,Southern,0.8
26629,1512548100,2017,12,6,08:15:00,32,UMLAZI,80,Southern,0.4
26630,1512548400,2017,12,6,08:20:00,32,UMLAZI,80,Southern,0.2
28956,1512549900,2017,12,6,08:45:00,32,UMLAZI,80,Southern,0.2
31426,1512552300,2017,12,6,09:25:00,32,UMLAZI,80,Southern,0.2
31427,1512552900,2017,12,6,09:35:00,32,UMLAZI,80,Southern,0.2
31428,1512553200,2017,12,6,09:40:00,32,UMLAZI,80,Southern,0.4
31429,1512553500,2017,12,6,09:45:00,32,UMLAZI,80,Southern,0.2
31430,1512553800,2017,12,6,09:50:00,32,UMLAZI,80,Southern,0.2
36825,1512560700,2017,12,6,11:45:00,32,UMLAZI,80,Southern,1.0
36826,1512561000,2017,12,6,11:50:00,32,UMLAZI,80,Southern,0.2
36827,1512561300,2017,12,6,11:55:00,32,UMLAZI,80,Southern,0.4
39691,1512562500,2017,12,6,12:15:00,32,UMLAZI,80,Southern,0.2
45763,1512570300,2017,12,6,14:25:00,32,UMLAZI,80,Southern,0.2
45764,1512570600,2017,12,6,14:30:00,32,UMLAZI,80,Southern,0.6
45765,1512570900,2017,12,6,14:35:00,32,UMLAZI,80,Southern,0.4
45766,1512571200,2017,12,6,14:40:00,32,UMLAZI,80,Southern,0.8
45767,1512571500,2017,12,6,14:45:00,32,UMLAZI,80,Southern,0.2
45768,1512572100,2017,12,6,14:55:00,32,UMLAZI,80,Southern,0.2
49030,1512575400,2017,12,6,15:50:00,32,UMLAZI,80,Southern,0.2
49031,1512575700,2017,12,6,15:55:00,32,UMLAZI,80,Southern,0.4
49032,1512576000,2017,12,6,16:00:00,32,UMLAZI,80,Southern,0.8
49033,1512576300,2017,12,6,16:05:00,32,UMLAZI,80,Southern,1.2
49034,1512576600,2017,12,6,16:10:00,32,UMLAZI,80,Southern,0.6
49035,1512576900,2017,12,6,16:15:00,32,UMLAZI,80,Southern,1.2
49036,1512577200,2017,12,6,16:20:00,32,UMLAZI,80,Southern,1.0
52491,1512577500,2017,12,6,16:25:00,32,UMLAZI,80,Southern,0.6
52492,1512577800,2017,12,6,16:30:00,32,UMLAZI,80,Southern,0.2
52493,1512578100,2017,12,6,16:35:00,32,UMLAZI,80,Southern,1.0
52494,1512578400,2017,12,6,16:40:00,32,UMLAZI,80,Southern,0.4
52495,1512579000,2017,12,6,16:50:00,32,UMLAZI,80,Southern,0.2
52496,1512579300,2017,12,6,16:55:00,32,UMLAZI,80,Southern,0.6
52497,1512579600,2017,12,6,17:00:00,32,UMLAZI,80,Southern,0.4
52498,1512580200,2017,12,6,17:10:00,32,UMLAZI,80,Southern,0.2
70484,1512597600,2017,12,6,22:00:00,32,UMLAZI,80,Southern,0.0
71379,1512606900,2017,12,7,00:35:00,32,UMLAZI,80,Southern,0.2
231,1512219000,2017,12,2,12:50:00,33,UMBUMBULU RES,3,Southern,1.2
232,1512219300,2017,12,2,12:55:00,33,UMBUMBULU RES,3,Southern,1.0
233,1512219600,2017,12,2,13:00:00,33,UMBUMBULU RES,3,Southern,0.6
234,1512219900,2017,12,2,13:05:00,33,UMBUMBULU RES,3,Southern,0.2
235,1512252000,2017,12,2,22:00:00,33,UMBUMBULU RES,3,Southern,0.0
236,1512318000,2017,12,3,16:20:00,33,UMBUMBULU RES,3,Southern,0.2
237,1512338400,2017,12,3,22:00:00,33,UMBUMBULU RES,3,Southern,0.0
621,1512397800,2017,12,4,14:30:00,33,UMBUMBULU RES,3,Southern,0.2
622,1512398100,2017,12,4,14:35:00,33,UMBUMBULU RES,3,Southern,0.2
623,1512398700,2017,12,4,14:45:00,33,UMBUMBULU RES,3,Southern,0.2
624,1512400500,2017,12,4,15:15:00,33,UMBUMBULU RES,3,Southern,0.2
625,1512401700,2017,12,4,15:35:00,33,UMBUMBULU RES,3,Southern,0.2
907,1512402300,2017,12,4,15:45:00,33,UMBUMBULU RES,3,Southern,0.2
908,1512402600,2017,12,4,15:50:00,33,UMBUMBULU RES,3,Southern,0.2
909,1512403200,2017,12,4,16:00:00,33,UMBUMBULU RES,3,Southern,0.2
910,1512403500,2017,12,4,16:05:00,33,UMBUMBULU RES,3,Southern,0.2
911,1512403800,2017,12,4,16:10:00,33,UMBUMBULU RES,3,Southern,0.2
912,1512404100,2017,12,4,16:15:00,33,UMBUMBULU RES,3,Southern,0.2
1330,1512405300,2017,12,4,16:35:00,33,UMBUMBULU RES,3,Southern,0.2
1331,1512405600,2017,12,4,16:40:00,33,UMBUMBULU RES,3,Southern,0.2
1332,1512406200,2017,12,4,16:50:00,33,UMBUMBULU RES,3,Southern,0.2
1892,1512408300,2017,12,4,17:25:00,33,UMBUMBULU RES,3,Southern,0.2
2559,1512412500,2017,12,4,18:35:00,33,UMBUMBULU RES,3,Southern,0.2
2560,1512413400,2017,12,4,18:50:00,33,UMBUMBULU RES,3,Southern,0.2
2561,1512414300,2017,12,4,19:05:00,33,UMBUMBULU RES,3,Southern,0.4
2562,1512414900,2017,12,4,19:15:00,33,UMBUMBULU RES,3,Southern,0.4
2563,1512415200,2017,12,4,19:20:00,33,UMBUMBULU RES,3,Southern,0.2
2564,1512415500,2017,12,4,19:25:00,33,UMBUMBULU RES,3,Southern,0.4
3347,1512415800,2017,12,4,19:30:00,33,UMBUMBULU RES,3,Southern,0.6
3348,1512416100,2017,12,4,19:35:00,33,UMBUMBULU RES,3,Southern,0.2
3349,1512416400,2017,12,4,19:40:00,33,UMBUMBULU RES,3,Southern,0.2
3350,1512417000,2017,12,4,19:50:00,33,UMBUMBULU RES,3,Southern,0.2
3351,1512417300,2017,12,4,19:55:00,33,UMBUMBULU RES,3,Southern,0.2
3352,1512417900,2017,12,4,20:05:00,33,UMBUMBULU RES,3,Southern,0.2
3353,1512418200,2017,12,4,20:10:00,33,UMBUMBULU RES,3,Southern,0.2
4121,1512454200,2017,12,5,06:10:00,33,UMBUMBULU RES,3,Southern,0.2
4122,1512455100,2017,12,5,06:25:00,33,UMBUMBULU RES,3,Southern,0.2
4123,1512455400,2017,12,5,06:30:00,33,UMBUMBULU RES,3,Southern,0.2
4430,1512459600,2017,12,5,07:40:00,33,UMBUMBULU RES,3,Southern,0.2
4588,1512462000,2017,12,5,08:20:00,33,UMBUMBULU RES,3,Southern,0.2
4589,1512464400,2017,12,5,09:00:00,33,UMBUMBULU RES,3,Southern,0.2
4755,1512466200,2017,12,5,09:30:00,33,UMBUMBULU RES,3,Southern,0.2
4756,1512468600,2017,12,5,10:10:00,33,UMBUMBULU RES,3,Southern,0.2
4757,1512469800,2017,12,5,10:30:00,33,UMBUMBULU RES,3,Southern,0.2
4949,1512470700,2017,12,5,10:45:00,33,UMBUMBULU RES,3,Southern,0.2
4950,1512471600,2017,12,5,11:00:00,33,UMBUMBULU RES,3,Southern,0.2
5173,1512472800,2017,12,5,11:20:00,33,UMBUMBULU RES,3,Southern,0.2
5174,1512473400,2017,12,5,11:30:00,33,UMBUMBULU RES,3,Southern,0.2
5175,1512474600,2017,12,5,11:50:00,33,UMBUMBULU RES,3,Southern,0.2
5176,1512475500,2017,12,5,12:05:00,33,UMBUMBULU RES,3,Southern,0.2
5475,1512476700,2017,12,5,12:25:00,33,UMBUMBULU RES,3,Southern,0.2
5476,1512477300,2017,12,5,12:35:00,33,UMBUMBULU RES,3,Southern,0.2
5477,1512478200,2017,12,5,12:50:00,33,UMBUMBULU RES,3,Southern,0.2
5478,1512479400,2017,12,5,13:10:00,33,UMBUMBULU RES,3,Southern,0.2
5905,1512480900,2017,12,5,13:35:00,33,UMBUMBULU RES,3,Southern,0.2
5906,1512482100,2017,12,5,13:55:00,33,UMBUMBULU RES,3,Southern,0.2
6466,1512483900,2017,12,5,14:25:00,33,UMBUMBULU RES,3,Southern,0.2
6467,1512484500,2017,12,5,14:35:00,33,UMBUMBULU RES,3,Southern,0.2
6468,1512484800,2017,12,5,14:40:00,33,UMBUMBULU RES,3,Southern,0.2
6469,1512485100,2017,12,5,14:45:00,33,UMBUMBULU RES,3,Southern,0.2
6470,1512486000,2017,12,5,15:00:00,33,UMBUMBULU RES,3,Southern,0.2
6471,1512486300,2017,12,5,15:05:00,33,UMBUMBULU RES,3,Southern,0.2
6472,1512486600,2017,12,5,15:10:00,33,UMBUMBULU RES,3,Southern,0.2
6473,1512486900,2017,12,5,15:15:00,33,UMBUMBULU RES,3,Southern,0.2
7240,1512487500,2017,12,5,15:25:00,33,UMBUMBULU RES,3,Southern,0.2
7241,1512487800,2017,12,5,15:30:00,33,UMBUMBULU RES,3,Southern,0.2
7242,1512488400,2017,12,5,15:40:00,33,UMBUMBULU RES,3,Southern,0.2
7243,1512489000,2017,12,5,15:50:00,33,UMBUMBULU RES,3,Southern,0.2
7244,1512489900,2017,12,5,16:05:00,33,UMBUMBULU RES,3,Southern,0.2
7245,1512490200,2017,12,5,16:10:00,33,UMBUMBULU RES,3,Southern,0.2
7246,1512490500,2017,12,5,16:15:00,33,UMBUMBULU RES,3,Southern,0.2
7247,1512490800,2017,12,5,16:20:00,33,UMBUMBULU RES,3,Southern,0.2
7248,1512491100,2017,12,5,16:25:00,33,UMBUMBULU RES,3,Southern,0.6
7249,1512491400,2017,12,5,16:30:00,33,UMBUMBULU RES,3,Southern,1.0
7250,1512491700,2017,12,5,16:35:00,33,UMBUMBULU RES,3,Southern,2.0
8333,1512492000,2017,12,5,16:40:00,33,UMBUMBULU RES,3,Southern,1.2
8334,1512492300,2017,12,5,16:45:00,33,UMBUMBULU RES,3,Southern,1.2
8335,1512492600,2017,12,5,16:50:00,33,UMBUMBULU RES,3,Southern,1.0
8336,1512492900,2017,12,5,16:55:00,33,UMBUMBULU RES,3,Southern,0.8
8337,1512493200,2017,12,5,17:00:00,33,UMBUMBULU RES,3,Southern,0.6
8338,1512493500,2017,12,5,17:05:00,33,UMBUMBULU RES,3,Southern,0.4
8339,1512493800,2017,12,5,17:10:00,33,UMBUMBULU RES,3,Southern,0.2
8340,1512494100,2017,12,5,17:15:00,33,UMBUMBULU RES,3,Southern,0.2
8341,1512494400,2017,12,5,17:20:00,33,UMBUMBULU RES,3,Southern,0.4
8342,1512494700,2017,12,5,17:25:00,33,UMBUMBULU RES,3,Southern,0.4
8343,1512495000,2017,12,5,17:30:00,33,UMBUMBULU RES,3,Southern,0.2
8344,1512495300,2017,12,5,17:35:00,33,UMBUMBULU RES,3,Southern,0.2
9789,1512495600,2017,12,5,17:40:00,33,UMBUMBULU RES,3,Southern,0.4
9790,1512495900,2017,12,5,17:45:00,33,UMBUMBULU RES,3,Southern,0.4
9791,1512496200,2017,12,5,17:50:00,33,UMBUMBULU RES,3,Southern,0.2
9792,1512496500,2017,12,5,17:55:00,33,UMBUMBULU RES,3,Southern,0.2
9793,1512496800,2017,12,5,18:00:00,33,UMBUMBULU RES,3,Southern,0.2
9794,1512497400,2017,12,5,18:10:00,33,UMBUMBULU RES,3,Southern,0.2
9795,1512497700,2017,12,5,18:15:00,33,UMBUMBULU RES,3,Southern,0.2
11494,1512499200,2017,12,5,18:40:00,33,UMBUMBULU RES,3,Southern,0.2
11495,1512499500,2017,12,5,18:45:00,33,UMBUMBULU RES,3,Southern,0.2
11496,1512500400,2017,12,5,19:00:00,33,UMBUMBULU RES,3,Southern,0.2
13433,1512501600,2017,12,5,19:20:00,33,UMBUMBULU RES,3,Southern,0.2
13434,1512504600,2017,12,5,20:10:00,33,UMBUMBULU RES,3,Southern,0.2
13435,1512505500,2017,12,5,20:25:00,33,UMBUMBULU RES,3,Southern,0.2
13436,1512505800,2017,12,5,20:30:00,33,UMBUMBULU RES,3,Southern,0.2
14485,1512511500,2017,12,5,22:05:00,33,UMBUMBULU RES,3,Southern,0.2
14486,1512512100,2017,12,5,22:15:00,33,UMBUMBULU RES,3,Southern,0.2
14487,1512512400,2017,12,5,22:20:00,33,UMBUMBULU RES,3,Southern,0.2
14488,1512512700,2017,12,5,22:25:00,33,UMBUMBULU RES,3,Southern,0.2
15058,1512513000,2017,12,5,22:30:00,33,UMBUMBULU RES,3,Southern,0.2
15059,1512514200,2017,12,5,22:50:00,33,UMBUMBULU RES,3,Southern,0.4
15060,1512514500,2017,12,5,22:55:00,33,UMBUMBULU RES,3,Southern,0.2
15061,1512514800,2017,12,5,23:00:00,33,UMBUMBULU RES,3,Southern,0.2
15062,1512515100,2017,12,5,23:05:00,33,UMBUMBULU RES,3,Southern,0.2
15063,1512515400,2017,12,5,23:10:00,33,UMBUMBULU RES,3,Southern,0.2
15932,1512516000,2017,12,5,23:20:00,33,UMBUMBULU RES,3,Southern,0.2
15933,1512516300,2017,12,5,23:25:00,33,UMBUMBULU RES,3,Southern,0.2
15934,1512516900,2017,12,5,23:35:00,33,UMBUMBULU RES,3,Southern,0.2
15935,1512517200,2017,12,5,23:40:00,33,UMBUMBULU RES,3,Southern,0.2
15936,1512517500,2017,12,5,23:45:00,33,UMBUMBULU RES,3,Southern,0.4
15937,1512517800,2017,12,5,23:50:00,33,UMBUMBULU RES,3,Southern,0.2
15938,1512518100,2017,12,5,23:55:00,33,UMBUMBULU RES,3,Southern,0.2
15939,1512518400,2017,12,6,00:00:00,33,UMBUMBULU RES,3,Southern,0.4
15940,1512518700,2017,12,6,00:05:00,33,UMBUMBULU RES,3,Southern,0.4
15941,1512519000,2017,12,6,00:10:00,33,UMBUMBULU RES,3,Southern,0.4
15942,1512519300,2017,12,6,00:15:00,33,UMBUMBULU RES,3,Southern,0.2
15943,1512519600,2017,12,6,00:20:00,33,UMBUMBULU RES,3,Southern,0.2
15944,1512519900,2017,12,6,00:25:00,33,UMBUMBULU RES,3,Southern,0.2
15945,1512520200,2017,12,6,00:30:00,33,UMBUMBULU RES,3,Southern,0.2
17141,1512520500,2017,12,6,00:35:00,33,UMBUMBULU RES,3,Southern,0.2
17142,1512520800,2017,12,6,00:40:00,33,UMBUMBULU RES,3,Southern,0.2
17143,1512521100,2017,12,6,00:45:00,33,UMBUMBULU RES,3,Southern,0.2
17144,1512521700,2017,12,6,00:55:00,33,UMBUMBULU RES,3,Southern,0.2
17145,1512522600,2017,12,6,01:10:00,33,UMBUMBULU RES,3,Southern,0.2
17146,1512522900,2017,12,6,01:15:00,33,UMBUMBULU RES,3,Southern,0.2
17147,1512523500,2017,12,6,01:25:00,33,UMBUMBULU RES,3,Southern,0.2
18613,1512524100,2017,12,6,01:35:00,33,UMBUMBULU RES,3,Southern,0.2
18614,1512525300,2017,12,6,01:55:00,33,UMBUMBULU RES,3,Southern,0.2
20302,1512527700,2017,12,6,02:35:00,33,UMBUMBULU RES,3,Southern,0.2
20303,1512528300,2017,12,6,02:45:00,33,UMBUMBULU RES,3,Southern,0.2
20304,1512528600,2017,12,6,02:50:00,33,UMBUMBULU RES,3,Southern,0.2
20305,1512528900,2017,12,6,02:55:00,33,UMBUMBULU RES,3,Southern,0.2
20306,1512529200,2017,12,6,03:00:00,33,UMBUMBULU RES,3,Southern,0.4
20307,1512529500,2017,12,6,03:05:00,33,UMBUMBULU RES,3,Southern,0.2
20308,1512529800,2017,12,6,03:10:00,33,UMBUMBULU RES,3,Southern,0.2
20309,1512530100,2017,12,6,03:15:00,33,UMBUMBULU RES,3,Southern,0.2
20310,1512530400,2017,12,6,03:20:00,33,UMBUMBULU RES,3,Southern,0.4
22272,1512530700,2017,12,6,03:25:00,33,UMBUMBULU RES,3,Southern,0.6
22273,1512531000,2017,12,6,03:30:00,33,UMBUMBULU RES,3,Southern,0.8
22274,1512531300,2017,12,6,03:35:00,33,UMBUMBULU RES,3,Southern,0.2
22275,1512531600,2017,12,6,03:40:00,33,UMBUMBULU RES,3,Southern,0.2
22276,1512531900,2017,12,6,03:45:00,33,UMBUMBULU RES,3,Southern,0.4
22277,1512532200,2017,12,6,03:50:00,33,UMBUMBULU RES,3,Southern,0.2
22278,1512532500,2017,12,6,03:55:00,33,UMBUMBULU RES,3,Southern,0.2
22279,1512532800,2017,12,6,04:00:00,33,UMBUMBULU RES,3,Southern,0.4
22280,1512533100,2017,12,6,04:05:00,33,UMBUMBULU RES,3,Southern,0.4
22281,1512533400,2017,12,6,04:10:00,33,UMBUMBULU RES,3,Southern,0.4
24449,1512534000,2017,12,6,04:20:00,33,UMBUMBULU RES,3,Southern,0.2
24450,1512535500,2017,12,6,04:45:00,33,UMBUMBULU RES,3,Southern,0.2
24451,1512535800,2017,12,6,04:50:00,33,UMBUMBULU RES,3,Southern,0.2
24452,1512536100,2017,12,6,04:55:00,33,UMBUMBULU RES,3,Southern,0.2
24453,1512536400,2017,12,6,05:00:00,33,UMBUMBULU RES,3,Southern,0.2
24454,1512536700,2017,12,6,05:05:00,33,UMBUMBULU RES,3,Southern,0.2
24455,1512537000,2017,12,6,05:10:00,33,UMBUMBULU RES,3,Southern,0.2
26698,1512542100,2017,12,6,06:35:00,33,UMBUMBULU RES,3,Southern,1.0
29028,1512542400,2017,12,6,06:40:00,33,UMBUMBULU RES,3,Southern,0.2
29029,1512542700,2017,12,6,06:45:00,33,UMBUMBULU RES,3,Southern,0.2
29030,1512543000,2017,12,6,06:50:00,33,UMBUMBULU RES,3,Southern,0.2
29031,1512543600,2017,12,6,07:00:00,33,UMBUMBULU RES,3,Southern,0.4
34141,1512550500,2017,12,6,08:55:00,33,UMBUMBULU RES,3,Southern,0.4
34142,1512550800,2017,12,6,09:00:00,33,UMBUMBULU RES,3,Southern,0.8
34143,1512551100,2017,12,6,09:05:00,33,UMBUMBULU RES,3,Southern,0.2
34144,1512551400,2017,12,6,09:10:00,33,UMBUMBULU RES,3,Southern,0.2
34145,1512551700,2017,12,6,09:15:00,33,UMBUMBULU RES,3,Southern,0.2
36905,1512552000,2017,12,6,09:20:00,33,UMBUMBULU RES,3,Southern,0.2
36906,1512552300,2017,12,6,09:25:00,33,UMBUMBULU RES,3,Southern,0.4
39772,1512557400,2017,12,6,10:50:00,33,UMBUMBULU RES,3,Southern,0.4
39773,1512557700,2017,12,6,10:55:00,33,UMBUMBULU RES,3,Southern,0.2
39774,1512558000,2017,12,6,11:00:00,33,UMBUMBULU RES,3,Southern,0.2
42747,1512559500,2017,12,6,11:25:00,33,UMBUMBULU RES,3,Southern,0.2
42748,1512559800,2017,12,6,11:30:00,33,UMBUMBULU RES,3,Southern,0.2
42749,1512560100,2017,12,6,11:35:00,33,UMBUMBULU RES,3,Southern,0.2
42750,1512560400,2017,12,6,11:40:00,33,UMBUMBULU RES,3,Southern,0.2
42751,1512561300,2017,12,6,11:55:00,33,UMBUMBULU RES,3,Southern,0.2
42752,1512562200,2017,12,6,12:10:00,33,UMBUMBULU RES,3,Southern,0.2
52593,1512570900,2017,12,6,14:35:00,33,UMBUMBULU RES,3,Southern,0.4
52594,1512571200,2017,12,6,14:40:00,33,UMBUMBULU RES,3,Southern,0.2
52595,1512571500,2017,12,6,14:45:00,33,UMBUMBULU RES,3,Southern,0.2
52596,1512572400,2017,12,6,15:00:00,33,UMBUMBULU RES,3,Southern,0.4
52597,1512572700,2017,12,6,15:05:00,33,UMBUMBULU RES,3,Southern,0.4
52598,1512573000,2017,12,6,15:10:00,33,UMBUMBULU RES,3,Southern,0.6
52599,1512573300,2017,12,6,15:15:00,33,UMBUMBULU RES,3,Southern,0.6
52600,1512573600,2017,12,6,15:20:00,33,UMBUMBULU RES,3,Southern,0.8
56143,1512573900,2017,12,6,15:25:00,33,UMBUMBULU RES,3,Southern,0.6
56144,1512574200,2017,12,6,15:30:00,33,UMBUMBULU RES,3,Southern,0.2
56145,1512574500,2017,12,6,15:35:00,33,UMBUMBULU RES,3,Southern,0.4
56146,1512574800,2017,12,6,15:40:00,33,UMBUMBULU RES,3,Southern,1.8
56147,1512575100,2017,12,6,15:45:00,33,UMBUMBULU RES,3,Southern,0.6
56148,1512575400,2017,12,6,15:50:00,33,UMBUMBULU RES,3,Southern,0.2
56149,1512575700,2017,12,6,15:55:00,33,UMBUMBULU RES,3,Southern,0.2
56150,1512576300,2017,12,6,16:05:00,33,UMBUMBULU RES,3,Southern,0.2
56151,1512576600,2017,12,6,16:10:00,33,UMBUMBULU RES,3,Southern,0.2
59734,1512577800,2017,12,6,16:30:00,33,UMBUMBULU RES,3,Southern,0.2
59735,1512579900,2017,12,6,17:05:00,33,UMBUMBULU RES,3,Southern,0.2
71785,1512627600,2017,12,7,06:20:00,33,UMBUMBULU RES,3,Southern,0.4
71786,1512627900,2017,12,7,06:25:00,33,UMBUMBULU RES,3,Southern,0.4
238,1512227700,2017,12,2,15:15:00,34,ISIPINGO RES,93,Southern,0.6
239,1512228000,2017,12,2,15:20:00,34,ISIPINGO RES,93,Southern,0.4
240,1512228300,2017,12,2,15:25:00,34,ISIPINGO RES,93,Southern,0.2
241,1512228600,2017,12,2,15:30:00,34,ISIPINGO RES,93,Southern,0.4
242,1512229200,2017,12,2,15:40:00,34,ISIPINGO RES,93,Southern,0.2
243,1512231300,2017,12,2,16:15:00,34,ISIPINGO RES,93,Southern,0.2
244,1512252000,2017,12,2,22:00:00,34,ISIPINGO RES,93,Southern,0.0
245,1512325500,2017,12,3,18:25:00,34,ISIPINGO RES,93,Southern,0.2
246,1512326400,2017,12,3,18:40:00,34,ISIPINGO RES,93,Southern,0.2
247,1512338400,2017,12,3,22:00:00,34,ISIPINGO RES,93,Southern,0.0
388,1512399900,2017,12,4,15:05:00,34,ISIPINGO RES,93,Southern,0.2
389,1512400800,2017,12,4,15:20:00,34,ISIPINGO RES,93,Southern,0.2
390,1512401100,2017,12,4,15:25:00,34,ISIPINGO RES,93,Southern,0.2
464,1512401400,2017,12,4,15:30:00,34,ISIPINGO RES,93,Southern,0.2
465,1512401700,2017,12,4,15:35:00,34,ISIPINGO RES,93,Southern,0.2
466,1512404100,2017,12,4,16:15:00,34,ISIPINGO RES,93,Southern,0.2
467,1512405300,2017,12,4,16:35:00,34,ISIPINGO RES,93,Southern,0.2
626,1512406200,2017,12,4,16:50:00,34,ISIPINGO RES,93,Southern,0.2
627,1512407100,2017,12,4,17:05:00,34,ISIPINGO RES,93,Southern,0.2
918,1512408600,2017,12,4,17:30:00,34,ISIPINGO RES,93,Southern,0.2
919,1512410700,2017,12,4,18:05:00,34,ISIPINGO RES,93,Southern,0.2
1907,1512415500,2017,12,4,19:25:00,34,ISIPINGO RES,93,Southern,0.2
1908,1512415800,2017,12,4,19:30:00,34,ISIPINGO RES,93,Southern,0.4
1909,1512416100,2017,12,4,19:35:00,34,ISIPINGO RES,93,Southern,0.2
1910,1512416400,2017,12,4,19:40:00,34,ISIPINGO RES,93,Southern,0.2
1911,1512416700,2017,12,4,19:45:00,34,ISIPINGO RES,93,Southern,0.2
1912,1512417000,2017,12,4,19:50:00,34,ISIPINGO RES,93,Southern,0.4
1913,1512417600,2017,12,4,20:00:00,34,ISIPINGO RES,93,Southern,0.2
1914,1512418500,2017,12,4,20:15:00,34,ISIPINGO RES,93,Southern,0.2
2580,1512420300,2017,12,4,20:45:00,34,ISIPINGO RES,93,Southern,0.2
3375,1512424800,2017,12,4,22:00:00,34,ISIPINGO RES,93,Southern,0.0
3845,1512453000,2017,12,5,05:50:00,34,ISIPINGO RES,93,Southern,0.2
3846,1512454500,2017,12,5,06:15:00,34,ISIPINGO RES,93,Southern,0.2
4594,1512472200,2017,12,5,11:10:00,34,ISIPINGO RES,93,Southern,0.2
4764,1512474600,2017,12,5,11:50:00,34,ISIPINGO RES,93,Southern,0.2
4960,1512477000,2017,12,5,12:30:00,34,ISIPINGO RES,93,Southern,0.2
4961,1512478500,2017,12,5,12:55:00,34,ISIPINGO RES,93,Southern,0.2
5926,1512487200,2017,12,5,15:20:00,34,ISIPINGO RES,93,Southern,0.2
5927,1512487500,2017,12,5,15:25:00,34,ISIPINGO RES,93,Southern,0.2
5928,1512487800,2017,12,5,15:30:00,34,ISIPINGO RES,93,Southern,0.2
5929,1512488100,2017,12,5,15:35:00,34,ISIPINGO RES,93,Southern,0.6
5930,1512488400,2017,12,5,15:40:00,34,ISIPINGO RES,93,Southern,0.4
5931,1512488700,2017,12,5,15:45:00,34,ISIPINGO RES,93,Southern,0.4
5932,1512489000,2017,12,5,15:50:00,34,ISIPINGO RES,93,Southern,0.8
5933,1512489300,2017,12,5,15:55:00,34,ISIPINGO RES,93,Southern,0.6
5934,1512489600,2017,12,5,16:00:00,34,ISIPINGO RES,93,Southern,0.6
5935,1512489900,2017,12,5,16:05:00,34,ISIPINGO RES,93,Southern,0.8
5936,1512490200,2017,12,5,16:10:00,34,ISIPINGO RES,93,Southern,0.2
5937,1512491400,2017,12,5,16:30:00,34,ISIPINGO RES,93,Southern,0.2
6495,1512492000,2017,12,5,16:40:00,34,ISIPINGO RES,93,Southern,0.2
6496,1512492900,2017,12,5,16:55:00,34,ISIPINGO RES,93,Southern,0.2
6497,1512493200,2017,12,5,17:00:00,34,ISIPINGO RES,93,Southern,0.2
6498,1512493800,2017,12,5,17:10:00,34,ISIPINGO RES,93,Southern,0.4
6499,1512494100,2017,12,5,17:15:00,34,ISIPINGO RES,93,Southern,0.4
6500,1512494700,2017,12,5,17:25:00,34,ISIPINGO RES,93,Southern,0.4
7280,1512495300,2017,12,5,17:35:00,34,ISIPINGO RES,93,Southern,0.2
7281,1512495900,2017,12,5,17:45:00,34,ISIPINGO RES,93,Southern,0.2
7282,1512496500,2017,12,5,17:55:00,34,ISIPINGO RES,93,Southern,0.2
7283,1512497400,2017,12,5,18:10:00,34,ISIPINGO RES,93,Southern,0.2
8385,1512499800,2017,12,5,18:50:00,34,ISIPINGO RES,93,Southern,0.2
8386,1512500700,2017,12,5,19:05:00,34,ISIPINGO RES,93,Southern,0.2
8387,1512501000,2017,12,5,19:10:00,34,ISIPINGO RES,93,Southern,0.4
9848,1512501600,2017,12,5,19:20:00,34,ISIPINGO RES,93,Southern,0.2
9849,1512501900,2017,12,5,19:25:00,34,ISIPINGO RES,93,Southern,0.2
9850,1512502500,2017,12,5,19:35:00,34,ISIPINGO RES,93,Southern,0.2
9851,1512503100,2017,12,5,19:45:00,34,ISIPINGO RES,93,Southern,0.2
9852,1512504000,2017,12,5,20:00:00,34,ISIPINGO RES,93,Southern,0.4
9853,1512504300,2017,12,5,20:05:00,34,ISIPINGO RES,93,Southern,0.2
9854,1512504600,2017,12,5,20:10:00,34,ISIPINGO RES,93,Southern,0.4
9855,1512505500,2017,12,5,20:25:00,34,ISIPINGO RES,93,Southern,0.2
11556,1512507600,2017,12,5,21:00:00,34,ISIPINGO RES,93,Southern,0.2
11557,1512507900,2017,12,5,21:05:00,34,ISIPINGO RES,93,Southern,0.2
11558,1512508200,2017,12,5,21:10:00,34,ISIPINGO RES,93,Southern,1.0
11559,1512508500,2017,12,5,21:15:00,34,ISIPINGO RES,93,Southern,0.8
11560,1512508800,2017,12,5,21:20:00,34,ISIPINGO RES,93,Southern,0.8
11561,1512509100,2017,12,5,21:25:00,34,ISIPINGO RES,93,Southern,0.6
11562,1512509400,2017,12,5,21:30:00,34,ISIPINGO RES,93,Southern,0.4
13499,1512510000,2017,12,5,21:40:00,34,ISIPINGO RES,93,Southern,0.2
13500,1512510600,2017,12,5,21:50:00,34,ISIPINGO RES,93,Southern,0.2
13501,1512511200,2017,12,5,22:00:00,34,ISIPINGO RES,93,Southern,0.0
15068,1512521100,2017,12,6,00:45:00,34,ISIPINGO RES,93,Southern,0.2
15069,1512521400,2017,12,6,00:50:00,34,ISIPINGO RES,93,Southern,0.4
15070,1512521700,2017,12,6,00:55:00,34,ISIPINGO RES,93,Southern,0.4
15071,1512522000,2017,12,6,01:00:00,34,ISIPINGO RES,93,Southern,0.2
15072,1512522300,2017,12,6,01:05:00,34,ISIPINGO RES,93,Southern,0.4
15073,1512522900,2017,12,6,01:15:00,34,ISIPINGO RES,93,Southern,0.2
15074,1512523500,2017,12,6,01:25:00,34,ISIPINGO RES,93,Southern,0.2
15075,1512523800,2017,12,6,01:30:00,34,ISIPINGO RES,93,Southern,0.2
15956,1512524400,2017,12,6,01:40:00,34,ISIPINGO RES,93,Southern,0.2
15957,1512524700,2017,12,6,01:45:00,34,ISIPINGO RES,93,Southern,0.2
15958,1512525000,2017,12,6,01:50:00,34,ISIPINGO RES,93,Southern,0.4
15959,1512525600,2017,12,6,02:00:00,34,ISIPINGO RES,93,Southern,0.2
15960,1512525900,2017,12,6,02:05:00,34,ISIPINGO RES,93,Southern,0.2
15961,1512526500,2017,12,6,02:15:00,34,ISIPINGO RES,93,Southern,0.4
15962,1512526800,2017,12,6,02:20:00,34,ISIPINGO RES,93,Southern,1.6
17172,1512527100,2017,12,6,02:25:00,34,ISIPINGO RES,93,Southern,0.4
17173,1512527400,2017,12,6,02:30:00,34,ISIPINGO RES,93,Southern,0.2
17174,1512528300,2017,12,6,02:45:00,34,ISIPINGO RES,93,Southern,0.2
17175,1512528900,2017,12,6,02:55:00,34,ISIPINGO RES,93,Southern,0.2
17176,1512529200,2017,12,6,03:00:00,34,ISIPINGO RES,93,Southern,0.2
17177,1512529500,2017,12,6,03:05:00,34,ISIPINGO RES,93,Southern,0.2
18646,1512531300,2017,12,6,03:35:00,34,ISIPINGO RES,93,Southern,0.2
18647,1512533100,2017,12,6,04:05:00,34,ISIPINGO RES,93,Southern,0.2
18648,1512533700,2017,12,6,04:15:00,34,ISIPINGO RES,93,Southern,0.2
20344,1512536400,2017,12,6,05:00:00,34,ISIPINGO RES,93,Southern,0.2
20345,1512536700,2017,12,6,05:05:00,34,ISIPINGO RES,93,Southern,0.4
20346,1512537000,2017,12,6,05:10:00,34,ISIPINGO RES,93,Southern,0.2
20347,1512537300,2017,12,6,05:15:00,34,ISIPINGO RES,93,Southern,0.4
20348,1512537600,2017,12,6,05:20:00,34,ISIPINGO RES,93,Southern,0.4
22324,1512537900,2017,12,6,05:25:00,34,ISIPINGO RES,93,Southern,0.4
22325,1512538500,2017,12,6,05:35:00,34,ISIPINGO RES,93,Southern,0.2
22326,1512538800,2017,12,6,05:40:00,34,ISIPINGO RES,93,Southern,0.2
22327,1512539100,2017,12,6,05:45:00,34,ISIPINGO RES,93,Southern,0.2
22328,1512539400,2017,12,6,05:50:00,34,ISIPINGO RES,93,Southern,0.2
22329,1512539700,2017,12,6,05:55:00,34,ISIPINGO RES,93,Southern,0.6
22330,1512540000,2017,12,6,06:00:00,34,ISIPINGO RES,93,Southern,0.2
22331,1512540300,2017,12,6,06:05:00,34,ISIPINGO RES,93,Southern,0.2
22332,1512540900,2017,12,6,06:15:00,34,ISIPINGO RES,93,Southern,0.4
22333,1512541200,2017,12,6,06:20:00,34,ISIPINGO RES,93,Southern,0.2
22334,1512542100,2017,12,6,06:35:00,34,ISIPINGO RES,93,Southern,0.2
26758,1512547500,2017,12,6,08:05:00,34,ISIPINGO RES,93,Southern,0.2
26759,1512547800,2017,12,6,08:10:00,34,ISIPINGO RES,93,Southern,0.4
26760,1512548100,2017,12,6,08:15:00,34,ISIPINGO RES,93,Southern,0.4
26761,1512548400,2017,12,6,08:20:00,34,ISIPINGO RES,93,Southern,0.2
34210,1512555600,2017,12,6,10:20:00,34,ISIPINGO RES,93,Southern,0.2
36976,1512561300,2017,12,6,11:55:00,34,ISIPINGO RES,93,Southern,0.2
39846,1512566100,2017,12,6,13:15:00,34,ISIPINGO RES,93,Southern,0.2
45930,1512571200,2017,12,6,14:40:00,34,ISIPINGO RES,93,Southern,0.2
45931,1512571500,2017,12,6,14:45:00,34,ISIPINGO RES,93,Southern,0.2
45932,1512571800,2017,12,6,14:50:00,34,ISIPINGO RES,93,Southern,0.4
45933,1512572100,2017,12,6,14:55:00,34,ISIPINGO RES,93,Southern,0.4
45934,1512572400,2017,12,6,15:00:00,34,ISIPINGO RES,93,Southern,0.4
49204,1512574800,2017,12,6,15:40:00,34,ISIPINGO RES,93,Southern,0.2
49205,1512575100,2017,12,6,15:45:00,34,ISIPINGO RES,93,Southern,0.2
49206,1512575400,2017,12,6,15:50:00,34,ISIPINGO RES,93,Southern,0.4
49207,1512575700,2017,12,6,15:55:00,34,ISIPINGO RES,93,Southern,1.6
49208,1512576000,2017,12,6,16:00:00,34,ISIPINGO RES,93,Southern,0.8
49209,1512576300,2017,12,6,16:05:00,34,ISIPINGO RES,93,Southern,0.2
49210,1512576600,2017,12,6,16:10:00,34,ISIPINGO RES,93,Southern,0.2
49211,1512576900,2017,12,6,16:15:00,34,ISIPINGO RES,93,Southern,0.8
49212,1512577200,2017,12,6,16:20:00,34,ISIPINGO RES,93,Southern,3.2
49213,1512577500,2017,12,6,16:25:00,34,ISIPINGO RES,93,Southern,1.4
52681,1512577800,2017,12,6,16:30:00,34,ISIPINGO RES,93,Southern,0.2
52682,1512578700,2017,12,6,16:45:00,34,ISIPINGO RES,93,Southern,0.2
52683,1512579000,2017,12,6,16:50:00,34,ISIPINGO RES,93,Southern,0.4
52684,1512579300,2017,12,6,16:55:00,34,ISIPINGO RES,93,Southern,0.2
52685,1512579600,2017,12,6,17:00:00,34,ISIPINGO RES,93,Southern,0.2
52686,1512579900,2017,12,6,17:05:00,34,ISIPINGO RES,93,Southern,0.2
70686,1512597600,2017,12,6,22:00:00,34,ISIPINGO RES,93,Southern,0.0
71380,1512608400,2017,12,7,01:00:00,34,ISIPINGO RES,93,Southern,0.2
71381,1512608700,2017,12,7,01:05:00,34,ISIPINGO RES,93,Southern,0.2
71382,1512609000,2017,12,7,01:10:00,34,ISIPINGO RES,93,Southern,0.2
71383,1512609600,2017,12,7,01:20:00,34,ISIPINGO RES,93,Southern,0.2
71602,1512624300,2017,12,7,05:25:00,34,ISIPINGO RES,93,Southern,0.4
71603,1512625200,2017,12,7,05:40:00,34,ISIPINGO RES,93,Southern,0.2
71604,1512626400,2017,12,7,06:00:00,34,ISIPINGO RES,93,Southern,0.2
71787,1512636300,2017,12,7,08:45:00,34,ISIPINGO RES,93,Southern,0.2
71788,1512636600,2017,12,7,08:50:00,34,ISIPINGO RES,93,Southern,0.2
248,1512200400,2017,12,2,07:40:00,35,UMKDEPOT,99,Southern,0.2
249,1512252000,2017,12,2,22:00:00,35,UMKDEPOT,99,Southern,0.0
250,1512324600,2017,12,3,18:10:00,35,UMKDEPOT,99,Southern,0.2
251,1512338400,2017,12,3,22:00:00,35,UMKDEPOT,99,Southern,0.0
471,1512401700,2017,12,4,15:35:00,35,UMKDEPOT,99,Southern,0.2
472,1512402600,2017,12,4,15:50:00,35,UMKDEPOT,99,Southern,0.2
635,1512405600,2017,12,4,16:40:00,35,UMKDEPOT,99,Southern,0.2
636,1512405900,2017,12,4,16:45:00,35,UMKDEPOT,99,Southern,0.2
637,1512406200,2017,12,4,16:50:00,35,UMKDEPOT,99,Southern,0.4
638,1512406500,2017,12,4,16:55:00,35,UMKDEPOT,99,Southern,0.4
639,1512406800,2017,12,4,17:00:00,35,UMKDEPOT,99,Southern,0.2
640,1512407100,2017,12,4,17:05:00,35,UMKDEPOT,99,Southern,0.2
929,1512408600,2017,12,4,17:30:00,35,UMKDEPOT,99,Southern,0.2
1926,1512414900,2017,12,4,19:15:00,35,UMKDEPOT,99,Southern,0.8
1927,1512415200,2017,12,4,19:20:00,35,UMKDEPOT,99,Southern,0.4
1928,1512415800,2017,12,4,19:30:00,35,UMKDEPOT,99,Southern,0.2
1929,1512416100,2017,12,4,19:35:00,35,UMKDEPOT,99,Southern,0.2
1930,1512416700,2017,12,4,19:45:00,35,UMKDEPOT,99,Southern,0.4
1931,1512417300,2017,12,4,19:55:00,35,UMKDEPOT,99,Southern,0.6
1932,1512417900,2017,12,4,20:05:00,35,UMKDEPOT,99,Southern,0.2
2600,1512420000,2017,12,4,20:40:00,35,UMKDEPOT,99,Southern,0.2
3396,1512424800,2017,12,4,22:00:00,35,UMKDEPOT,99,Southern,0.0
4279,1512464700,2017,12,5,09:05:00,35,UMKDEPOT,99,Southern,0.2
5500,1512484500,2017,12,5,14:35:00,35,UMKDEPOT,99,Southern,0.2
5501,1512485100,2017,12,5,14:45:00,35,UMKDEPOT,99,Southern,0.2
5944,1512486600,2017,12,5,15:10:00,35,UMKDEPOT,99,Southern,0.2
5945,1512487800,2017,12,5,15:30:00,35,UMKDEPOT,99,Southern,0.2
5946,1512488400,2017,12,5,15:40:00,35,UMKDEPOT,99,Southern,0.2
5947,1512489600,2017,12,5,16:00:00,35,UMKDEPOT,99,Southern,0.2
6519,1512490200,2017,12,5,16:10:00,35,UMKDEPOT,99,Southern,0.2
6520,1512490800,2017,12,5,16:20:00,35,UMKDEPOT,99,Southern,0.2
6521,1512491100,2017,12,5,16:25:00,35,UMKDEPOT,99,Southern,0.2
6522,1512491400,2017,12,5,16:30:00,35,UMKDEPOT,99,Southern,0.4
6523,1512491700,2017,12,5,16:35:00,35,UMKDEPOT,99,Southern,0.2
6524,1512492000,2017,12,5,16:40:00,35,UMKDEPOT,99,Southern,0.4
6525,1512492300,2017,12,5,16:45:00,35,UMKDEPOT,99,Southern,0.6
6526,1512492600,2017,12,5,16:50:00,35,UMKDEPOT,99,Southern,0.4
6527,1512492900,2017,12,5,16:55:00,35,UMKDEPOT,99,Southern,0.2
6528,1512493200,2017,12,5,17:00:00,35,UMKDEPOT,99,Southern,0.2
6529,1512493500,2017,12,5,17:05:00,35,UMKDEPOT,99,Southern,0.2
6530,1512493800,2017,12,5,17:10:00,35,UMKDEPOT,99,Southern,0.2
6531,1512494100,2017,12,5,17:15:00,35,UMKDEPOT,99,Southern,0.4
6532,1512494400,2017,12,5,17:20:00,35,UMKDEPOT,99,Southern,0.4
7308,1512494700,2017,12,5,17:25:00,35,UMKDEPOT,99,Southern,0.2
7309,1512495000,2017,12,5,17:30:00,35,UMKDEPOT,99,Southern,0.4
7310,1512495300,2017,12,5,17:35:00,35,UMKDEPOT,99,Southern,0.4
7311,1512495600,2017,12,5,17:40:00,35,UMKDEPOT,99,Southern,0.6
7312,1512495900,2017,12,5,17:45:00,35,UMKDEPOT,99,Southern,0.8
7313,1512496200,2017,12,5,17:50:00,35,UMKDEPOT,99,Southern,0.4
7314,1512496500,2017,12,5,17:55:00,35,UMKDEPOT,99,Southern,0.4
7315,1512496800,2017,12,5,18:00:00,35,UMKDEPOT,99,Southern,0.4
7316,1512497100,2017,12,5,18:05:00,35,UMKDEPOT,99,Southern,0.6
7317,1512497400,2017,12,5,18:10:00,35,UMKDEPOT,99,Southern,0.8
8416,1512497700,2017,12,5,18:15:00,35,UMKDEPOT,99,Southern,0.8
8417,1512498000,2017,12,5,18:20:00,35,UMKDEPOT,99,Southern,0.6
8418,1512498300,2017,12,5,18:25:00,35,UMKDEPOT,99,Southern,0.2
8419,1512498600,2017,12,5,18:30:00,35,UMKDEPOT,99,Southern,0.2
8420,1512499200,2017,12,5,18:40:00,35,UMKDEPOT,99,Southern,0.2
8421,1512499500,2017,12,5,18:45:00,35,UMKDEPOT,99,Southern,0.4
8422,1512499800,2017,12,5,18:50:00,35,UMKDEPOT,99,Southern,0.2
8423,1512500100,2017,12,5,18:55:00,35,UMKDEPOT,99,Southern,0.6
8424,1512500400,2017,12,5,19:00:00,35,UMKDEPOT,99,Southern,0.2
8425,1512500700,2017,12,5,19:05:00,35,UMKDEPOT,99,Southern,0.2
8426,1512501300,2017,12,5,19:15:00,35,UMKDEPOT,99,Southern,0.2
9887,1512502200,2017,12,5,19:30:00,35,UMKDEPOT,99,Southern,0.2
11602,1512504600,2017,12,5,20:10:00,35,UMKDEPOT,99,Southern,0.4
11603,1512504900,2017,12,5,20:15:00,35,UMKDEPOT,99,Southern,0.2
11604,1512505200,2017,12,5,20:20:00,35,UMKDEPOT,99,Southern,0.2
11605,1512505500,2017,12,5,20:25:00,35,UMKDEPOT,99,Southern,0.4
11606,1512505800,2017,12,5,20:30:00,35,UMKDEPOT,99,Southern,0.2
11607,1512506100,2017,12,5,20:35:00,35,UMKDEPOT,99,Southern,0.2
11608,1512506700,2017,12,5,20:45:00,35,UMKDEPOT,99,Southern,0.2
11609,1512507000,2017,12,5,20:50:00,35,UMKDEPOT,99,Southern,0.2
11610,1512507300,2017,12,5,20:55:00,35,UMKDEPOT,99,Southern,0.4
11611,1512507900,2017,12,5,21:05:00,35,UMKDEPOT,99,Southern,0.2
11612,1512508200,2017,12,5,21:10:00,35,UMKDEPOT,99,Southern,0.2
11613,1512508800,2017,12,5,21:20:00,35,UMKDEPOT,99,Southern,0.2
13548,1512509400,2017,12,5,21:30:00,35,UMKDEPOT,99,Southern,0.2
13549,1512509700,2017,12,5,21:35:00,35,UMKDEPOT,99,Southern,0.2
13550,1512510000,2017,12,5,21:40:00,35,UMKDEPOT,99,Southern,0.2
13551,1512510300,2017,12,5,21:45:00,35,UMKDEPOT,99,Southern,0.2
13552,1512510900,2017,12,5,21:55:00,35,UMKDEPOT,99,Southern,0.2
13553,1512511200,2017,12,5,22:00:00,35,UMKDEPOT,99,Southern,0.0
13554,1512511500,2017,12,5,22:05:00,35,UMKDEPOT,99,Southern,0.2
13555,1512511800,2017,12,5,22:10:00,35,UMKDEPOT,99,Southern,0.4
13556,1512512100,2017,12,5,22:15:00,35,UMKDEPOT,99,Southern,0.8
13557,1512512400,2017,12,5,22:20:00,35,UMKDEPOT,99,Southern,0.8
13558,1512512700,2017,12,5,22:25:00,35,UMKDEPOT,99,Southern,0.8
14128,1512513000,2017,12,5,22:30:00,35,UMKDEPOT,99,Southern,0.2
14129,1512513900,2017,12,5,22:45:00,35,UMKDEPOT,99,Southern,0.2
14130,1512514200,2017,12,5,22:50:00,35,UMKDEPOT,99,Southern,0.2
14131,1512514500,2017,12,5,22:55:00,35,UMKDEPOT,99,Southern,0.2
14132,1512515100,2017,12,5,23:05:00,35,UMKDEPOT,99,Southern,0.2
14133,1512515400,2017,12,5,23:10:00,35,UMKDEPOT,99,Southern,0.2
14134,1512515700,2017,12,5,23:15:00,35,UMKDEPOT,99,Southern,0.2
14489,1512516000,2017,12,5,23:20:00,35,UMKDEPOT,99,Southern,0.2
14490,1512516300,2017,12,5,23:25:00,35,UMKDEPOT,99,Southern,0.2
14491,1512517500,2017,12,5,23:45:00,35,UMKDEPOT,99,Southern,0.2
14492,1512518100,2017,12,5,23:55:00,35,UMKDEPOT,99,Southern,0.2
14493,1512518400,2017,12,6,00:00:00,35,UMKDEPOT,99,Southern,0.2
15076,1512519000,2017,12,6,00:10:00,35,UMKDEPOT,99,Southern,0.2
15077,1512519600,2017,12,6,00:20:00,35,UMKDEPOT,99,Southern,0.2
15078,1512520200,2017,12,6,00:30:00,35,UMKDEPOT,99,Southern,0.6
15079,1512520500,2017,12,6,00:35:00,35,UMKDEPOT,99,Southern,0.2
15080,1512520800,2017,12,6,00:40:00,35,UMKDEPOT,99,Southern,0.2
15081,1512521100,2017,12,6,00:45:00,35,UMKDEPOT,99,Southern,0.2
15082,1512521700,2017,12,6,00:55:00,35,UMKDEPOT,99,Southern,0.2
15971,1512522600,2017,12,6,01:10:00,35,UMKDEPOT,99,Southern,0.2
15972,1512523200,2017,12,6,01:20:00,35,UMKDEPOT,99,Southern,0.2
15973,1512523800,2017,12,6,01:30:00,35,UMKDEPOT,99,Southern,0.2
15974,1512524100,2017,12,6,01:35:00,35,UMKDEPOT,99,Southern,0.2
15975,1512524400,2017,12,6,01:40:00,35,UMKDEPOT,99,Southern,0.2
15976,1512524700,2017,12,6,01:45:00,35,UMKDEPOT,99,Southern,0.2
15977,1512525600,2017,12,6,02:00:00,35,UMKDEPOT,99,Southern,0.2
17193,1512528300,2017,12,6,02:45:00,35,UMKDEPOT,99,Southern,0.2
17194,1512529200,2017,12,6,03:00:00,35,UMKDEPOT,99,Southern,0.2
17195,1512529500,2017,12,6,03:05:00,35,UMKDEPOT,99,Southern,0.2
18670,1512529800,2017,12,6,03:10:00,35,UMKDEPOT,99,Southern,0.2
18671,1512530100,2017,12,6,03:15:00,35,UMKDEPOT,99,Southern,0.4
18672,1512530400,2017,12,6,03:20:00,35,UMKDEPOT,99,Southern,0.4
18673,1512530700,2017,12,6,03:25:00,35,UMKDEPOT,99,Southern,0.6
18674,1512531000,2017,12,6,03:30:00,35,UMKDEPOT,99,Southern,1.0
18675,1512531300,2017,12,6,03:35:00,35,UMKDEPOT,99,Southern,1.0
18676,1512531600,2017,12,6,03:40:00,35,UMKDEPOT,99,Southern,0.8
18677,1512531900,2017,12,6,03:45:00,35,UMKDEPOT,99,Southern,0.8
18678,1512532200,2017,12,6,03:50:00,35,UMKDEPOT,99,Southern,0.2
18679,1512532500,2017,12,6,03:55:00,35,UMKDEPOT,99,Southern,0.4
18680,1512532800,2017,12,6,04:00:00,35,UMKDEPOT,99,Southern,0.4
18681,1512533100,2017,12,6,04:05:00,35,UMKDEPOT,99,Southern,0.2
18682,1512533400,2017,12,6,04:10:00,35,UMKDEPOT,99,Southern,0.2
18683,1512534000,2017,12,6,04:20:00,35,UMKDEPOT,99,Southern,0.2
26802,1512545400,2017,12,6,07:30:00,35,UMKDEPOT,99,Southern,0.4
26803,1512545700,2017,12,6,07:35:00,35,UMKDEPOT,99,Southern,0.4
26804,1512546000,2017,12,6,07:40:00,35,UMKDEPOT,99,Southern,0.2
34255,1512555600,2017,12,6,10:20:00,35,UMKDEPOT,99,Southern,0.2
34256,1512557700,2017,12,6,10:55:00,35,UMKDEPOT,99,Southern,0.2
37022,1512560700,2017,12,6,11:45:00,35,UMKDEPOT,99,Southern,0.8
37023,1512561300,2017,12,6,11:55:00,35,UMKDEPOT,99,Southern,0.2
42874,1512565800,2017,12,6,13:10:00,35,UMKDEPOT,99,Southern,0.6
42875,1512566100,2017,12,6,13:15:00,35,UMKDEPOT,99,Southern,0.2
42876,1512566400,2017,12,6,13:20:00,35,UMKDEPOT,99,Southern,0.2
42877,1512566700,2017,12,6,13:25:00,35,UMKDEPOT,99,Southern,0.4
42878,1512567000,2017,12,6,13:30:00,35,UMKDEPOT,99,Southern,0.2
42879,1512567300,2017,12,6,13:35:00,35,UMKDEPOT,99,Southern,0.2
49266,1512575100,2017,12,6,15:45:00,35,UMKDEPOT,99,Southern,0.2
52749,1512579600,2017,12,6,17:00:00,35,UMKDEPOT,99,Southern,0.2
52750,1512579900,2017,12,6,17:05:00,35,UMKDEPOT,99,Southern,0.2
52751,1512580200,2017,12,6,17:10:00,35,UMKDEPOT,99,Southern,0.8
52752,1512580500,2017,12,6,17:15:00,35,UMKDEPOT,99,Southern,1.0
52753,1512580800,2017,12,6,17:20:00,35,UMKDEPOT,99,Southern,1.4
56308,1512581100,2017,12,6,17:25:00,35,UMKDEPOT,99,Southern,0.4
56309,1512581700,2017,12,6,17:35:00,35,UMKDEPOT,99,Southern,0.2
56310,1512582000,2017,12,6,17:40:00,35,UMKDEPOT,99,Southern,0.2
70755,1512597600,2017,12,6,22:00:00,35,UMKDEPOT,99,Southern,0.0
71796,1512634800,2017,12,7,08:20:00,35,UMKDEPOT,99,Southern,0.2
279,1512226200,2017,12,2,14:50:00,42,AMANZIMTOTI,97,Southern,0.2
280,1512226500,2017,12,2,14:55:00,42,AMANZIMTOTI,97,Southern,0.2
281,1512226800,2017,12,2,15:00:00,42,AMANZIMTOTI,97,Southern,0.6
282,1512227100,2017,12,2,15:05:00,42,AMANZIMTOTI,97,Southern,0.6
283,1512227400,2017,12,2,15:10:00,42,AMANZIMTOTI,97,Southern,0.2
284,1512228600,2017,12,2,15:30:00,42,AMANZIMTOTI,97,Southern,0.2
285,1512229800,2017,12,2,15:50:00,42,AMANZIMTOTI,97,Southern,0.2
286,1512252000,2017,12,2,22:00:00,42,AMANZIMTOTI,97,Southern,0.0
287,1512325800,2017,12,3,18:30:00,42,AMANZIMTOTI,97,Southern,0.2
288,1512338400,2017,12,3,22:00:00,42,AMANZIMTOTI,97,Southern,0.0
480,1512400200,2017,12,4,15:10:00,42,AMANZIMTOTI,97,Southern,0.4
481,1512400500,2017,12,4,15:15:00,42,AMANZIMTOTI,97,Southern,0.8
482,1512400800,2017,12,4,15:20:00,42,AMANZIMTOTI,97,Southern,0.2
483,1512401400,2017,12,4,15:30:00,42,AMANZIMTOTI,97,Southern,0.2
659,1512405000,2017,12,4,16:30:00,42,AMANZIMTOTI,97,Southern,0.2
660,1512406500,2017,12,4,16:55:00,42,AMANZIMTOTI,97,Southern,0.2
661,1512406800,2017,12,4,17:00:00,42,AMANZIMTOTI,97,Southern,0.4
662,1512407100,2017,12,4,17:05:00,42,AMANZIMTOTI,97,Southern,0.6
663,1512407400,2017,12,4,17:10:00,42,AMANZIMTOTI,97,Southern,0.4
664,1512407700,2017,12,4,17:15:00,42,AMANZIMTOTI,97,Southern,0.2
972,1512408000,2017,12,4,17:20:00,42,AMANZIMTOTI,97,Southern,0.2
973,1512408300,2017,12,4,17:25:00,42,AMANZIMTOTI,97,Southern,0.2
974,1512409200,2017,12,4,17:40:00,42,AMANZIMTOTI,97,Southern,0.2
975,1512410100,2017,12,4,17:55:00,42,AMANZIMTOTI,97,Southern,0.2
2001,1512414600,2017,12,4,19:10:00,42,AMANZIMTOTI,97,Southern,0.2
2002,1512415200,2017,12,4,19:20:00,42,AMANZIMTOTI,97,Southern,0.4
2003,1512415500,2017,12,4,19:25:00,42,AMANZIMTOTI,97,Southern,0.2
2004,1512415800,2017,12,4,19:30:00,42,AMANZIMTOTI,97,Southern,0.2
2005,1512416100,2017,12,4,19:35:00,42,AMANZIMTOTI,97,Southern,0.2
2006,1512416700,2017,12,4,19:45:00,42,AMANZIMTOTI,97,Southern,0.2
2686,1512418500,2017,12,4,20:15:00,42,AMANZIMTOTI,97,Southern,0.2
2687,1512419100,2017,12,4,20:25:00,42,AMANZIMTOTI,97,Southern,0.4
2688,1512419400,2017,12,4,20:30:00,42,AMANZIMTOTI,97,Southern,0.2
2689,1512419700,2017,12,4,20:35:00,42,AMANZIMTOTI,97,Southern,0.2
2690,1512420000,2017,12,4,20:40:00,42,AMANZIMTOTI,97,Southern,0.2
3492,1512422400,2017,12,4,21:20:00,42,AMANZIMTOTI,97,Southern,0.2
3493,1512424800,2017,12,4,22:00:00,42,AMANZIMTOTI,97,Southern,0.0
4013,1512454500,2017,12,5,06:15:00,42,AMANZIMTOTI,97,Southern,0.2
4014,1512455100,2017,12,5,06:25:00,42,AMANZIMTOTI,97,Southern,0.2
4015,1512456000,2017,12,5,06:40:00,42,AMANZIMTOTI,97,Southern,0.2
4808,1512474000,2017,12,5,11:40:00,42,AMANZIMTOTI,97,Southern,0.2
5011,1512477300,2017,12,5,12:35:00,42,AMANZIMTOTI,97,Southern,0.2
6024,1512486600,2017,12,5,15:10:00,42,AMANZIMTOTI,97,Southern,0.2
6025,1512487200,2017,12,5,15:20:00,42,AMANZIMTOTI,97,Southern,0.2
6026,1512488100,2017,12,5,15:35:00,42,AMANZIMTOTI,97,Southern,0.2
6027,1512488400,2017,12,5,15:40:00,42,AMANZIMTOTI,97,Southern,0.2
6028,1512488700,2017,12,5,15:45:00,42,AMANZIMTOTI,97,Southern,0.2
6029,1512489000,2017,12,5,15:50:00,42,AMANZIMTOTI,97,Southern,0.6
6030,1512489600,2017,12,5,16:00:00,42,AMANZIMTOTI,97,Southern,0.4
6031,1512489900,2017,12,5,16:05:00,42,AMANZIMTOTI,97,Southern,0.4
6032,1512490500,2017,12,5,16:15:00,42,AMANZIMTOTI,97,Southern,0.2
6033,1512490800,2017,12,5,16:20:00,42,AMANZIMTOTI,97,Southern,0.2
6627,1512491400,2017,12,5,16:30:00,42,AMANZIMTOTI,97,Southern,1.2
6628,1512491700,2017,12,5,16:35:00,42,AMANZIMTOTI,97,Southern,0.8
6629,1512492000,2017,12,5,16:40:00,42,AMANZIMTOTI,97,Southern,0.4
6630,1512492300,2017,12,5,16:45:00,42,AMANZIMTOTI,97,Southern,0.4
6631,1512492600,2017,12,5,16:50:00,42,AMANZIMTOTI,97,Southern,0.2
6632,1512492900,2017,12,5,16:55:00,42,AMANZIMTOTI,97,Southern,0.2
6633,1512493500,2017,12,5,17:05:00,42,AMANZIMTOTI,97,Southern,0.4
6634,1512493800,2017,12,5,17:10:00,42,AMANZIMTOTI,97,Southern,0.4
6635,1512494100,2017,12,5,17:15:00,42,AMANZIMTOTI,97,Southern,0.8
7455,1512494400,2017,12,5,17:20:00,42,AMANZIMTOTI,97,Southern,0.2
7456,1512494700,2017,12,5,17:25:00,42,AMANZIMTOTI,97,Southern,0.6
7457,1512495000,2017,12,5,17:30:00,42,AMANZIMTOTI,97,Southern,0.4
7458,1512495300,2017,12,5,17:35:00,42,AMANZIMTOTI,97,Southern,0.4
7459,1512495900,2017,12,5,17:45:00,42,AMANZIMTOTI,97,Southern,0.2
7460,1512496200,2017,12,5,17:50:00,42,AMANZIMTOTI,97,Southern,0.2
7461,1512496500,2017,12,5,17:55:00,42,AMANZIMTOTI,97,Southern,0.6
7462,1512496800,2017,12,5,18:00:00,42,AMANZIMTOTI,97,Southern,0.6
8594,1512497400,2017,12,5,18:10:00,42,AMANZIMTOTI,97,Southern,0.2
8595,1512498000,2017,12,5,18:20:00,42,AMANZIMTOTI,97,Southern,0.2
8596,1512498300,2017,12,5,18:25:00,42,AMANZIMTOTI,97,Southern,0.2
8597,1512498600,2017,12,5,18:30:00,42,AMANZIMTOTI,97,Southern,0.2
8598,1512498900,2017,12,5,18:35:00,42,AMANZIMTOTI,97,Southern,0.2
8599,1512499200,2017,12,5,18:40:00,42,AMANZIMTOTI,97,Southern,0.2
8600,1512499500,2017,12,5,18:45:00,42,AMANZIMTOTI,97,Southern,0.4
8601,1512499800,2017,12,5,18:50:00,42,AMANZIMTOTI,97,Southern,0.4
8602,1512500100,2017,12,5,18:55:00,42,AMANZIMTOTI,97,Southern,0.6
8603,1512500400,2017,12,5,19:00:00,42,AMANZIMTOTI,97,Southern,0.4
8604,1512500700,2017,12,5,19:05:00,42,AMANZIMTOTI,97,Southern,0.2
8605,1512501000,2017,12,5,19:10:00,42,AMANZIMTOTI,97,Southern,0.2
8606,1512501300,2017,12,5,19:15:00,42,AMANZIMTOTI,97,Southern,0.2
8607,1512501600,2017,12,5,19:20:00,42,AMANZIMTOTI,97,Southern,0.4
10097,1512501900,2017,12,5,19:25:00,42,AMANZIMTOTI,97,Southern,0.4
10098,1512502200,2017,12,5,19:30:00,42,AMANZIMTOTI,97,Southern,0.4
10099,1512502500,2017,12,5,19:35:00,42,AMANZIMTOTI,97,Southern,0.2
10100,1512502800,2017,12,5,19:40:00,42,AMANZIMTOTI,97,Southern,0.2
10101,1512503100,2017,12,5,19:45:00,42,AMANZIMTOTI,97,Southern,0.4
10102,1512503400,2017,12,5,19:50:00,42,AMANZIMTOTI,97,Southern,0.2
10103,1512503700,2017,12,5,19:55:00,42,AMANZIMTOTI,97,Southern,0.2
11846,1512507600,2017,12,5,21:00:00,42,AMANZIMTOTI,97,Southern,0.2
11847,1512508800,2017,12,5,21:20:00,42,AMANZIMTOTI,97,Southern,0.2
13822,1512510600,2017,12,5,21:50:00,42,AMANZIMTOTI,97,Southern,0.2
13823,1512510900,2017,12,5,21:55:00,42,AMANZIMTOTI,97,Southern,0.2
13824,1512511200,2017,12,5,22:00:00,42,AMANZIMTOTI,97,Southern,0.2
14156,1512513000,2017,12,5,22:30:00,42,AMANZIMTOTI,97,Southern,0.2
14157,1512513900,2017,12,5,22:45:00,42,AMANZIMTOTI,97,Southern,0.2
14158,1512514200,2017,12,5,22:50:00,42,AMANZIMTOTI,97,Southern,0.4
14159,1512514500,2017,12,5,22:55:00,42,AMANZIMTOTI,97,Southern,0.2
14160,1512514800,2017,12,5,23:00:00,42,AMANZIMTOTI,97,Southern,0.2
14161,1512515100,2017,12,5,23:05:00,42,AMANZIMTOTI,97,Southern,0.2
14162,1512515400,2017,12,5,23:10:00,42,AMANZIMTOTI,97,Southern,0.4
14163,1512515700,2017,12,5,23:15:00,42,AMANZIMTOTI,97,Southern,0.4
14536,1512516000,2017,12,5,23:20:00,42,AMANZIMTOTI,97,Southern,0.2
14537,1512516300,2017,12,5,23:25:00,42,AMANZIMTOTI,97,Southern,0.2
14538,1512516600,2017,12,5,23:30:00,42,AMANZIMTOTI,97,Southern,0.4
14539,1512516900,2017,12,5,23:35:00,42,AMANZIMTOTI,97,Southern,0.8
14540,1512517200,2017,12,5,23:40:00,42,AMANZIMTOTI,97,Southern,0.6
14541,1512517500,2017,12,5,23:45:00,42,AMANZIMTOTI,97,Southern,0.6
14542,1512517800,2017,12,5,23:50:00,42,AMANZIMTOTI,97,Southern,0.2
14543,1512518100,2017,12,5,23:55:00,42,AMANZIMTOTI,97,Southern,0.2
14544,1512518400,2017,12,6,00:00:00,42,AMANZIMTOTI,97,Southern,0.6
14545,1512518700,2017,12,6,00:05:00,42,AMANZIMTOTI,97,Southern,0.2
15145,1512519000,2017,12,6,00:10:00,42,AMANZIMTOTI,97,Southern,0.2
15146,1512519300,2017,12,6,00:15:00,42,AMANZIMTOTI,97,Southern,0.2
15147,1512519600,2017,12,6,00:20:00,42,AMANZIMTOTI,97,Southern,0.2
15148,1512520200,2017,12,6,00:30:00,42,AMANZIMTOTI,97,Southern,0.2
15149,1512520800,2017,12,6,00:40:00,42,AMANZIMTOTI,97,Southern,0.2
15150,1512521100,2017,12,6,00:45:00,42,AMANZIMTOTI,97,Southern,0.2
15151,1512521700,2017,12,6,00:55:00,42,AMANZIMTOTI,97,Southern,0.2
16069,1512522600,2017,12,6,01:10:00,42,AMANZIMTOTI,97,Southern,0.2
16070,1512523500,2017,12,6,01:25:00,42,AMANZIMTOTI,97,Southern,0.4
16071,1512523800,2017,12,6,01:30:00,42,AMANZIMTOTI,97,Southern,0.2
16072,1512524400,2017,12,6,01:40:00,42,AMANZIMTOTI,97,Southern,0.2
16073,1512525600,2017,12,6,02:00:00,42,AMANZIMTOTI,97,Southern,0.2
17323,1512526200,2017,12,6,02:10:00,42,AMANZIMTOTI,97,Southern,0.2
17324,1512526500,2017,12,6,02:15:00,42,AMANZIMTOTI,97,Southern,0.4
17325,1512526800,2017,12,6,02:20:00,42,AMANZIMTOTI,97,Southern,0.2
17326,1512527100,2017,12,6,02:25:00,42,AMANZIMTOTI,97,Southern,0.2
17327,1512529200,2017,12,6,03:00:00,42,AMANZIMTOTI,97,Southern,0.4
17328,1512529500,2017,12,6,03:05:00,42,AMANZIMTOTI,97,Southern,0.6
17329,1512529800,2017,12,6,03:10:00,42,AMANZIMTOTI,97,Southern,0.6
17330,1512530100,2017,12,6,03:15:00,42,AMANZIMTOTI,97,Southern,0.4
18836,1512531000,2017,12,6,03:30:00,42,AMANZIMTOTI,97,Southern,0.2
18837,1512531300,2017,12,6,03:35:00,42,AMANZIMTOTI,97,Southern,0.4
18838,1512531600,2017,12,6,03:40:00,42,AMANZIMTOTI,97,Southern,0.2
18839,1512531900,2017,12,6,03:45:00,42,AMANZIMTOTI,97,Southern,1.4
18840,1512532200,2017,12,6,03:50:00,42,AMANZIMTOTI,97,Southern,0.4
18841,1512532500,2017,12,6,03:55:00,42,AMANZIMTOTI,97,Southern,0.2
20550,1512533400,2017,12,6,04:10:00,42,AMANZIMTOTI,97,Southern,0.2
20551,1512534900,2017,12,6,04:35:00,42,AMANZIMTOTI,97,Southern,0.4
20552,1512535200,2017,12,6,04:40:00,42,AMANZIMTOTI,97,Southern,0.4
20553,1512535500,2017,12,6,04:45:00,42,AMANZIMTOTI,97,Southern,1.0
20554,1512535800,2017,12,6,04:50:00,42,AMANZIMTOTI,97,Southern,0.4
20555,1512536100,2017,12,6,04:55:00,42,AMANZIMTOTI,97,Southern,0.6
20556,1512536400,2017,12,6,05:00:00,42,AMANZIMTOTI,97,Southern,0.2
20557,1512536700,2017,12,6,05:05:00,42,AMANZIMTOTI,97,Southern,0.2
22586,1512537000,2017,12,6,05:10:00,42,AMANZIMTOTI,97,Southern,0.2
22587,1512537300,2017,12,6,05:15:00,42,AMANZIMTOTI,97,Southern,0.4
22588,1512537600,2017,12,6,05:20:00,42,AMANZIMTOTI,97,Southern,0.4
22589,1512537900,2017,12,6,05:25:00,42,AMANZIMTOTI,97,Southern,0.2
22590,1512538200,2017,12,6,05:30:00,42,AMANZIMTOTI,97,Southern,0.4
22591,1512538500,2017,12,6,05:35:00,42,AMANZIMTOTI,97,Southern,0.4
22592,1512538800,2017,12,6,05:40:00,42,AMANZIMTOTI,97,Southern,0.2
22593,1512539100,2017,12,6,05:45:00,42,AMANZIMTOTI,97,Southern,0.2
22594,1512539400,2017,12,6,05:50:00,42,AMANZIMTOTI,97,Southern,0.2
27063,1512545700,2017,12,6,07:35:00,42,AMANZIMTOTI,97,Southern,0.4
27064,1512546000,2017,12,6,07:40:00,42,AMANZIMTOTI,97,Southern,1.6
27065,1512546300,2017,12,6,07:45:00,42,AMANZIMTOTI,97,Southern,0.4
27066,1512546600,2017,12,6,07:50:00,42,AMANZIMTOTI,97,Southern,0.4
27067,1512546900,2017,12,6,07:55:00,42,AMANZIMTOTI,97,Southern,0.2
27068,1512547200,2017,12,6,08:00:00,42,AMANZIMTOTI,97,Southern,0.2
29404,1512547500,2017,12,6,08:05:00,42,AMANZIMTOTI,97,Southern,0.2
29405,1512549900,2017,12,6,08:45:00,42,AMANZIMTOTI,97,Southern,0.2
29406,1512550500,2017,12,6,08:55:00,42,AMANZIMTOTI,97,Southern,0.2
29407,1512551100,2017,12,6,09:05:00,42,AMANZIMTOTI,97,Southern,0.2
31889,1512551400,2017,12,6,09:10:00,42,AMANZIMTOTI,97,Southern,0.4
31890,1512551700,2017,12,6,09:15:00,42,AMANZIMTOTI,97,Southern,0.2
31891,1512552000,2017,12,6,09:20:00,42,AMANZIMTOTI,97,Southern,0.4
31892,1512553800,2017,12,6,09:50:00,42,AMANZIMTOTI,97,Southern,4.4
31893,1512554100,2017,12,6,09:55:00,42,AMANZIMTOTI,97,Southern,1.4
31894,1512554400,2017,12,6,10:00:00,42,AMANZIMTOTI,97,Southern,0.8
31895,1512554700,2017,12,6,10:05:00,42,AMANZIMTOTI,97,Southern,0.4
31896,1512555000,2017,12,6,10:10:00,42,AMANZIMTOTI,97,Southern,0.2
34545,1512555900,2017,12,6,10:25:00,42,AMANZIMTOTI,97,Southern,0.2
37320,1512562500,2017,12,6,12:15:00,42,AMANZIMTOTI,97,Southern,0.4
37321,1512562800,2017,12,6,12:20:00,42,AMANZIMTOTI,97,Southern,2.0
40201,1512563100,2017,12,6,12:25:00,42,AMANZIMTOTI,97,Southern,0.4
40202,1512563400,2017,12,6,12:30:00,42,AMANZIMTOTI,97,Southern,0.2
40203,1512563700,2017,12,6,12:35:00,42,AMANZIMTOTI,97,Southern,0.2
40204,1512564000,2017,12,6,12:40:00,42,AMANZIMTOTI,97,Southern,0.2
40205,1512564600,2017,12,6,12:50:00,42,AMANZIMTOTI,97,Southern,0.2
49621,1512573900,2017,12,6,15:25:00,42,AMANZIMTOTI,97,Southern,0.2
49622,1512574200,2017,12,6,15:30:00,42,AMANZIMTOTI,97,Southern,0.2
49623,1512574500,2017,12,6,15:35:00,42,AMANZIMTOTI,97,Southern,0.2
49624,1512574800,2017,12,6,15:40:00,42,AMANZIMTOTI,97,Southern,0.2
49625,1512575700,2017,12,6,15:55:00,42,AMANZIMTOTI,97,Southern,0.2
49626,1512576000,2017,12,6,16:00:00,42,AMANZIMTOTI,97,Southern,0.4
49627,1512576300,2017,12,6,16:05:00,42,AMANZIMTOTI,97,Southern,0.4
49628,1512576600,2017,12,6,16:10:00,42,AMANZIMTOTI,97,Southern,0.2
49629,1512576900,2017,12,6,16:15:00,42,AMANZIMTOTI,97,Southern,0.6
49630,1512577200,2017,12,6,16:20:00,42,AMANZIMTOTI,97,Southern,1.4
53117,1512577500,2017,12,6,16:25:00,42,AMANZIMTOTI,97,Southern,1.6
53118,1512577800,2017,12,6,16:30:00,42,AMANZIMTOTI,97,Southern,0.6
53119,1512578100,2017,12,6,16:35:00,42,AMANZIMTOTI,97,Southern,0.4
53120,1512578400,2017,12,6,16:40:00,42,AMANZIMTOTI,97,Southern,0.6
53121,1512578700,2017,12,6,16:45:00,42,AMANZIMTOTI,97,Southern,0.4
53122,1512579000,2017,12,6,16:50:00,42,AMANZIMTOTI,97,Southern,0.4
53123,1512579300,2017,12,6,16:55:00,42,AMANZIMTOTI,97,Southern,0.2
71149,1512597600,2017,12,6,22:00:00,42,AMANZIMTOTI,97,Southern,0.0
71438,1512609300,2017,12,7,01:15:00,42,AMANZIMTOTI,97,Southern,0.2
71621,1512624300,2017,12,7,05:25:00,42,AMANZIMTOTI,97,Southern,0.2
